Agent,Task_Completed,Disobey_Task_Specification,Disobey_Role_Specification,Step_Repetition,Loss_of_Conversation_History,Unaware_of_Termination_Conditions,Conversation_Reset,Fail_to_Ask_for_Clarification,Task_Derailment,Information_Withholding,Ignored_Other_Agents_Input,Action_Reasoning_Mismatch,Premature_Termination,No_or_Incorrect_Verification,Weak_Verification,Summary
Process Modeler,False,True,False,False,False,False,False,False,False,False,False,True,False,False,True,"The task failed because the agent's calculation logic was incorrect, leading to an incorrect answer, and the verification step did not check the correctness of the final answer."
Interview Partner 5,False,True,False,False,False,False,False,False,False,False,False,True,False,False,True,"The task failed because the assistant agent's calculation logic was incorrect, resulting in a wrong answer, and the system lacked verification to check the correctness of the final result."
Interview Partner 4,False,False,False,False,False,False,False,False,False,False,False,False,False,False,False,"The Interviewer agent successfully followed its instructions to interview the Process Owner, ask questions sequentially based on the KnowledgeGatherer's prompts, include context, and summarize responses, but the overall task of mapping the process flow was not completed because the Process Owner did not have the necessary information about the Fulfillment Team. There were no instances of the defined failure modes in this trace."
Interview Partner 3,False,True,False,False,False,False,False,False,False,False,False,True,False,True,False,"The task failed because the agent implemented incorrect calculation logic for the number of days remaining, resulting in a wrong answer, and there was no verification to detect this error."
Interview Partner 2,False,False,False,False,False,True,False,True,False,False,True,False,False,True,True,"The math problem solving failed due to the agent ignoring requests for clarification, being unaware of termination conditions, and incorrect verification of the final answer. The code review process exhibited weak verification as the reviewer did not identify the absence of initial puzzle data, a key requirement for a classic Sudoku."
Interview Partner 1,False,False,False,False,False,False,False,False,False,False,False,False,False,False,False,"The Interviewer agent successfully followed its instructions, acting as a conduit to ask questions and report responses, but the overall task of gathering specific information was not completed because the Process Owner did not have the requested knowledge."
Interview Partner 0,False,False,False,False,False,False,False,False,False,False,False,False,False,False,False,"The task was not fully completed as the Process Owner lacked the requested information on the Fulfillment Team, although the agent successfully executed its role by following instructions and reporting the outcome."
Knowledge Gatherer,False,True,False,False,False,False,False,False,False,False,True,True,False,False,False,"The Lead Business Analyst failed to query the correct agents for information about the Fulfillment Team, ignoring previous input that indicated those agents were not the right contacts, which also resulted in an action-reasoning mismatch."
Manager,True,False,False,False,False,False,False,False,False,False,False,False,False,False,False,"The agents successfully gathered information about the main purchase flow of a business process, identified a roadblock in contacting a specific team, and the Project Lead made a strategic decision to model the flow with noted assumptions, which the ProcessModeler successfully executed."
